material_id,formula,n_sites,volume_per_atom_angstrom3,density_g_cm3,lattice_anisotropy,layer_component_count,band_gap_ev,formation_energy_ev_atom,energy_above_hull_ev_atom,is_stable,dimensionality_status,source_database_version,source_calculation_method,stability_eligible
mp-1018809,MoS2,6.0,19.300987617706987,4.590481655252597,4.137092117247956,2.0,1.3361,-0.9637533052083332,0.002389239999999404,False,confirmed_2d,2026.04.13,band_gap:GGA; stability:GGA_GGA+U_R2SCAN,True
mp-1023924,MoS2,3.0,50.73453071021885,1.7463614691422709,5.444069553205099,1.0,1.6605999999999999,-0.9517026318749989,0.01443991333333372,False,confirmed_2d,2026.04.13,band_gap:GGA; stability:GGA_GGA+U_R2SCAN,True
mp-1023939,MoS2,6.0,31.72069462650397,2.7931554031389885,6.804916566873106,2.0,1.5539,-0.9589067502083329,0.007235794999999712,False,confirmed_2d,2026.04.13,band_gap:GGA; stability:GGA_GGA+U_R2SCAN,True
mp-1025874,MoS2,9.0,27.692541828809393,3.1994473506641885,8.91557340990452,3.0,1.5093,-0.9617292007638886,0.004413344444444078,False,confirmed_2d,2026.04.13,band_gap:GGA; stability:GGA_GGA+U_R2SCAN,True
mp-1027525,MoS2,12.0,25.221820730439205,3.512864139915666,10.829864789464658,4.0,1.4639999999999997,-0.9624610102083343,0.003681534999998348,False,confirmed_2d,2026.04.13,band_gap:GGA; stability:GGA_GGA+U_R2SCAN,True
mp-1238797,MoS2,3.0,18.981557099175237,4.667732427029983,1.9558614198680073,1.0,0.0,-0.6698387318749989,0.2963038133333349,False,confirmed_2d,2026.04.13,band_gap:GGA; stability:GGA_GGA+U_R2SCAN,False
mp-1434,MoS2,3.0,18.973784189297305,4.669644637221036,1.0000000304877859,1.0,1.3839000000000006,-0.9661425452083326,0.0,True,confirmed_2d,2026.04.13,band_gap:GGA; stability:GGA_GGA+U_R2SCAN,True
mp-2815,MoS2,6.0,19.67753127477034,4.502639500359555,4.190882614799372,2.0,1.4648999999999996,-0.964449816875001,0.0016927283333316723,False,confirmed_2d,2026.04.13,band_gap:GGA; stability:GGA_GGA+U_R2SCAN,True
mp-558544,MoS2,3.0,18.578631745886057,4.76896419495266,2.065339537366841,1.0,0.0,-0.6864253585416643,0.27971718666666945,False,confirmed_2d,2026.04.13,band_gap:GGA; stability:GGA_GGA+U_R2SCAN,False
