seed,round,policy,material_id,predicted_band_gap_ev,uncertainty_ev,true_band_gap_ev,absolute_error_ev,target_hit,formation_energy_ev_atom,energy_above_hull_ev_atom,is_stable_mp_flag,dimensionality_status,selection_reason,signal_level,signal_types,signal_rule_version,manual_review_required,budget_used,budget_total
1001,1,random,mp-2815,1.460934,0.082023,1.4648999999999996,0.003966,False,-0.964449816875001,0.0016927283333316723,False,confirmed_2d,uniform random from signed stable pool,D0,technical_event_only,0.2.0,False,1,3
1001,2,random,mp-1018809,1.439989,0.022139,1.3361,0.103889,False,-0.9637533052083332,0.002389239999999404,False,confirmed_2d,uniform random from signed stable pool,D0,technical_event_only,0.2.0,False,2,3
1001,3,random,mp-1023939,1.566452,0.042575,1.5539,0.012552,True,-0.9589067502083329,0.007235794999999712,False,confirmed_2d,uniform random from signed stable pool,D2,target_hit|audited_candidate_signal,0.2.0,False,3,3
1001,1,static_topn,mp-1025874,1.531611,0.09481,1.5093,0.022311,True,-0.9617292007638886,0.004413344444444078,False,confirmed_2d,highest target score from frozen initial model,D2,target_hit|audited_candidate_signal,0.2.0,False,1,3
1001,2,static_topn,mp-1023939,1.541079,0.088213,1.5539,0.012821,True,-0.9589067502083329,0.007235794999999712,False,confirmed_2d,highest target score from frozen initial model,D2,target_hit|audited_candidate_signal,0.2.0,False,2,3
1001,3,static_topn,mp-2815,1.460934,0.082023,1.4648999999999996,0.003966,False,-0.964449816875001,0.0016927283333316723,False,confirmed_2d,highest target score from frozen initial model,D0,technical_event_only,0.2.0,False,3,3
1001,1,iterative,mp-1025874,1.531611,0.09481,1.5093,0.022311,True,-0.9617292007638886,0.004413344444444078,False,confirmed_2d,target score plus bootstrap uncertainty; retrained after feedback,D2,target_hit|audited_candidate_signal,0.2.0,False,1,3
1001,2,iterative,mp-1023939,1.541633,0.035906,1.5539,0.012267,True,-0.9589067502083329,0.007235794999999712,False,confirmed_2d,target score plus bootstrap uncertainty; retrained after feedback,D2,target_hit|audited_candidate_signal,0.2.0,False,2,3
1001,3,iterative,mp-1018809,1.412692,0.034822,1.3361,0.076592,False,-0.9637533052083332,0.002389239999999404,False,confirmed_2d,target score plus bootstrap uncertainty; retrained after feedback,D0,technical_event_only,0.2.0,False,3,3
1002,1,random,mp-2815,1.443737,0.067436,1.4648999999999996,0.021163,False,-0.964449816875001,0.0016927283333316723,False,confirmed_2d,uniform random from signed stable pool,D0,technical_event_only,0.2.0,False,1,3
1002,2,random,mp-1025874,1.573895,0.100229,1.5093,0.064595,True,-0.9617292007638886,0.004413344444444078,False,confirmed_2d,uniform random from signed stable pool,D2,target_hit|audited_candidate_signal,0.2.0,False,2,3
1002,3,random,mp-1023939,1.526495,0.112361,1.5539,0.027405,True,-0.9589067502083329,0.007235794999999712,False,confirmed_2d,uniform random from signed stable pool,D2,target_hit|audited_candidate_signal,0.2.0,False,3,3
1002,1,static_topn,mp-1023939,1.515003,0.059845,1.5539,0.038897,True,-0.9589067502083329,0.007235794999999712,False,confirmed_2d,highest target score from frozen initial model,D2,target_hit|audited_candidate_signal,0.2.0,False,1,3
1002,2,static_topn,mp-1025874,1.483267,0.038101,1.5093,0.026033,True,-0.9617292007638886,0.004413344444444078,False,confirmed_2d,highest target score from frozen initial model,D2,target_hit|audited_candidate_signal,0.2.0,False,2,3
1002,3,static_topn,mp-2815,1.443737,0.067436,1.4648999999999996,0.021163,False,-0.964449816875001,0.0016927283333316723,False,confirmed_2d,highest target score from frozen initial model,D0,technical_event_only,0.2.0,False,3,3
1002,1,iterative,mp-1018809,1.440608,0.068172,1.3361,0.104508,False,-0.9637533052083332,0.002389239999999404,False,confirmed_2d,target score plus bootstrap uncertainty; retrained after feedback,D0,technical_event_only,0.2.0,False,1,3
1002,2,iterative,mp-1023939,1.467229,0.228113,1.5539,0.086671,True,-0.9589067502083329,0.007235794999999712,False,confirmed_2d,target score plus bootstrap uncertainty; retrained after feedback,D2,target_hit|audited_candidate_signal,0.2.0,False,2,3
1002,3,iterative,mp-1025874,1.489691,0.056058,1.5093,0.019609,True,-0.9617292007638886,0.004413344444444078,False,confirmed_2d,target score plus bootstrap uncertainty; retrained after feedback,D2,target_hit|audited_candidate_signal,0.2.0,False,3,3
1003,1,random,mp-2815,1.481879,0.059265,1.4648999999999996,0.016979,False,-0.964449816875001,0.0016927283333316723,False,confirmed_2d,uniform random from signed stable pool,D0,technical_event_only,0.2.0,False,1,3
1003,2,random,mp-1018809,1.448691,0.04082,1.3361,0.112591,False,-0.9637533052083332,0.002389239999999404,False,confirmed_2d,uniform random from signed stable pool,D0,technical_event_only,0.2.0,False,2,3
1003,3,random,mp-1023939,1.987079,1.164907,1.5539,0.433179,True,-0.9589067502083329,0.007235794999999712,False,confirmed_2d,uniform random from signed stable pool,D2,target_hit|audited_candidate_signal,0.2.0,False,3,3
1003,1,static_topn,mp-1025874,1.532855,0.054194,1.5093,0.023555,True,-0.9617292007638886,0.004413344444444078,False,confirmed_2d,highest target score from frozen initial model,D2,target_hit|audited_candidate_signal,0.2.0,False,1,3
1003,2,static_topn,mp-1023939,1.562674,0.039042,1.5539,0.008774,True,-0.9589067502083329,0.007235794999999712,False,confirmed_2d,highest target score from frozen initial model,D2,target_hit|audited_candidate_signal,0.2.0,False,2,3
1003,3,static_topn,mp-2815,1.481879,0.059265,1.4648999999999996,0.016979,False,-0.964449816875001,0.0016927283333316723,False,confirmed_2d,highest target score from frozen initial model,D0,technical_event_only,0.2.0,False,3,3
1003,1,iterative,mp-1018809,1.478476,0.060481,1.3361,0.142376,False,-0.9637533052083332,0.002389239999999404,False,confirmed_2d,target score plus bootstrap uncertainty; retrained after feedback,D0,technical_event_only,0.2.0,False,1,3
1003,2,iterative,mp-1023939,1.447964,0.221744,1.5539,0.105936,True,-0.9589067502083329,0.007235794999999712,False,confirmed_2d,target score plus bootstrap uncertainty; retrained after feedback,D2,target_hit|audited_candidate_signal,0.2.0,False,2,3
1003,3,iterative,mp-1025874,1.494197,0.040448,1.5093,0.015103,True,-0.9617292007638886,0.004413344444444078,False,confirmed_2d,target score plus bootstrap uncertainty; retrained after feedback,D2,target_hit|audited_candidate_signal,0.2.0,False,3,3
1004,1,random,mp-2815,1.446851,0.039202,1.4648999999999996,0.018049,False,-0.964449816875001,0.0016927283333316723,False,confirmed_2d,uniform random from signed stable pool,D0,technical_event_only,0.2.0,False,1,3
1004,2,random,mp-1023939,1.528152,0.183205,1.5539,0.025748,True,-0.9589067502083329,0.007235794999999712,False,confirmed_2d,uniform random from signed stable pool,D2,target_hit|audited_candidate_signal,0.2.0,False,2,3
1004,3,random,mp-1025874,1.485833,0.080078,1.5093,0.023467,True,-0.9617292007638886,0.004413344444444078,False,confirmed_2d,uniform random from signed stable pool,D2,target_hit|audited_candidate_signal,0.2.0,False,3,3
1004,1,static_topn,mp-1025874,1.547204,0.076418,1.5093,0.037904,True,-0.9617292007638886,0.004413344444444078,False,confirmed_2d,highest target score from frozen initial model,D2,target_hit|audited_candidate_signal,0.2.0,False,1,3
1004,2,static_topn,mp-1023939,1.545993,0.064737,1.5539,0.007907,True,-0.9589067502083329,0.007235794999999712,False,confirmed_2d,highest target score from frozen initial model,D2,target_hit|audited_candidate_signal,0.2.0,False,2,3
1004,3,static_topn,mp-2815,1.446851,0.039202,1.4648999999999996,0.018049,False,-0.964449816875001,0.0016927283333316723,False,confirmed_2d,highest target score from frozen initial model,D0,technical_event_only,0.2.0,False,3,3
1004,1,iterative,mp-1025874,1.547204,0.076418,1.5093,0.037904,True,-0.9617292007638886,0.004413344444444078,False,confirmed_2d,target score plus bootstrap uncertainty; retrained after feedback,D2,target_hit|audited_candidate_signal,0.2.0,False,1,3
1004,2,iterative,mp-1018809,1.415574,0.045659,1.3361,0.079474,False,-0.9637533052083332,0.002389239999999404,False,confirmed_2d,target score plus bootstrap uncertainty; retrained after feedback,D0,technical_event_only,0.2.0,False,2,3
1004,3,iterative,mp-1023939,1.573606,0.065401,1.5539,0.019706,True,-0.9589067502083329,0.007235794999999712,False,confirmed_2d,target score plus bootstrap uncertainty; retrained after feedback,D2,target_hit|audited_candidate_signal,0.2.0,False,3,3
1005,1,random,mp-1025874,1.574031,0.072432,1.5093,0.064731,True,-0.9617292007638886,0.004413344444444078,False,confirmed_2d,uniform random from signed stable pool,D2,target_hit|audited_candidate_signal,0.2.0,False,1,3
1005,2,random,mp-1018809,1.434718,0.054577,1.3361,0.098618,False,-0.9637533052083332,0.002389239999999404,False,confirmed_2d,uniform random from signed stable pool,D0,technical_event_only,0.2.0,False,2,3
1005,3,random,mp-1023939,1.584556,0.0875,1.5539,0.030656,True,-0.9589067502083329,0.007235794999999712,False,confirmed_2d,uniform random from signed stable pool,D2,target_hit|audited_candidate_signal,0.2.0,False,3,3
1005,1,static_topn,mp-1025874,1.574031,0.072432,1.5093,0.064731,True,-0.9617292007638886,0.004413344444444078,False,confirmed_2d,highest target score from frozen initial model,D2,target_hit|audited_candidate_signal,0.2.0,False,1,3
1005,2,static_topn,mp-1023939,1.581918,0.055336,1.5539,0.028018,True,-0.9589067502083329,0.007235794999999712,False,confirmed_2d,highest target score from frozen initial model,D2,target_hit|audited_candidate_signal,0.2.0,False,2,3
1005,3,static_topn,mp-2815,1.490038,0.091283,1.4648999999999996,0.025138,False,-0.964449816875001,0.0016927283333316723,False,confirmed_2d,highest target score from frozen initial model,D0,technical_event_only,0.2.0,False,3,3
1005,1,iterative,mp-1018809,1.486526,0.093097,1.3361,0.150426,False,-0.9637533052083332,0.002389239999999404,False,confirmed_2d,target score plus bootstrap uncertainty; retrained after feedback,D0,technical_event_only,0.2.0,False,1,3
1005,2,iterative,mp-1023939,1.558116,0.105647,1.5539,0.004216,True,-0.9589067502083329,0.007235794999999712,False,confirmed_2d,target score plus bootstrap uncertainty; retrained after feedback,D2,target_hit|audited_candidate_signal,0.2.0,False,2,3
1005,3,iterative,mp-2815,1.401249,0.060019,1.4648999999999996,0.063651,False,-0.964449816875001,0.0016927283333316723,False,confirmed_2d,target score plus bootstrap uncertainty; retrained after feedback,D0,technical_event_only,0.2.0,False,3,3
1006,1,random,mp-1018809,1.465187,0.077918,1.3361,0.129087,False,-0.9637533052083332,0.002389239999999404,False,confirmed_2d,uniform random from signed stable pool,D0,technical_event_only,0.2.0,False,1,3
1006,2,random,mp-2815,1.404102,0.070261,1.4648999999999996,0.060798,False,-0.964449816875001,0.0016927283333316723,False,confirmed_2d,uniform random from signed stable pool,D0,technical_event_only,0.2.0,False,2,3
1006,3,random,mp-1023939,1.799285,0.895537,1.5539,0.245385,True,-0.9589067502083329,0.007235794999999712,False,confirmed_2d,uniform random from signed stable pool,D2,target_hit|audited_candidate_signal,0.2.0,False,3,3
1006,1,static_topn,mp-1025874,1.55758,0.073773,1.5093,0.04828,True,-0.9617292007638886,0.004413344444444078,False,confirmed_2d,highest target score from frozen initial model,D2,target_hit|audited_candidate_signal,0.2.0,False,1,3
1006,2,static_topn,mp-1023939,1.565618,0.059286,1.5539,0.011718,True,-0.9589067502083329,0.007235794999999712,False,confirmed_2d,highest target score from frozen initial model,D2,target_hit|audited_candidate_signal,0.2.0,False,2,3
1006,3,static_topn,mp-2815,1.468886,0.076649,1.4648999999999996,0.003986,False,-0.964449816875001,0.0016927283333316723,False,confirmed_2d,highest target score from frozen initial model,D0,technical_event_only,0.2.0,False,3,3
1006,1,iterative,mp-1025874,1.55758,0.073773,1.5093,0.04828,True,-0.9617292007638886,0.004413344444444078,False,confirmed_2d,target score plus bootstrap uncertainty; retrained after feedback,D2,target_hit|audited_candidate_signal,0.2.0,False,1,3
1006,2,iterative,mp-1018809,1.46238,0.067246,1.3361,0.12628,False,-0.9637533052083332,0.002389239999999404,False,confirmed_2d,target score plus bootstrap uncertainty; retrained after feedback,D0,technical_event_only,0.2.0,False,2,3
1006,3,iterative,mp-2815,1.403254,0.051146,1.4648999999999996,0.061646,False,-0.964449816875001,0.0016927283333316723,False,confirmed_2d,target score plus bootstrap uncertainty; retrained after feedback,D0,technical_event_only,0.2.0,False,3,3
1007,1,random,mp-2815,1.424546,0.04402,1.4648999999999996,0.040354,False,-0.964449816875001,0.0016927283333316723,False,confirmed_2d,uniform random from signed stable pool,D0,technical_event_only,0.2.0,False,1,3
1007,2,random,mp-1023939,1.49275,0.133502,1.5539,0.06115,True,-0.9589067502083329,0.007235794999999712,False,confirmed_2d,uniform random from signed stable pool,D2,target_hit|audited_candidate_signal,0.2.0,False,2,3
1007,3,random,mp-1018809,1.445232,0.032794,1.3361,0.109132,False,-0.9637533052083332,0.002389239999999404,False,confirmed_2d,uniform random from signed stable pool,D0,technical_event_only,0.2.0,False,3,3
1007,1,static_topn,mp-1025874,1.508813,0.073528,1.5093,0.000487,True,-0.9617292007638886,0.004413344444444078,False,confirmed_2d,highest target score from frozen initial model,D2,target_hit|audited_candidate_signal,0.2.0,False,1,3
1007,2,static_topn,mp-1023939,1.521727,0.067627,1.5539,0.032173,True,-0.9589067502083329,0.007235794999999712,False,confirmed_2d,highest target score from frozen initial model,D2,target_hit|audited_candidate_signal,0.2.0,False,2,3
1007,3,static_topn,mp-2815,1.424546,0.04402,1.4648999999999996,0.040354,False,-0.964449816875001,0.0016927283333316723,False,confirmed_2d,highest target score from frozen initial model,D0,technical_event_only,0.2.0,False,3,3
1007,1,iterative,mp-1025874,1.508813,0.073528,1.5093,0.000487,True,-0.9617292007638886,0.004413344444444078,False,confirmed_2d,target score plus bootstrap uncertainty; retrained after feedback,D2,target_hit|audited_candidate_signal,0.2.0,False,1,3
1007,2,iterative,mp-1018809,1.42885,0.054802,1.3361,0.09275,False,-0.9637533052083332,0.002389239999999404,False,confirmed_2d,target score plus bootstrap uncertainty; retrained after feedback,D0,technical_event_only,0.2.0,False,2,3
1007,3,iterative,mp-1023939,1.48291,0.234382,1.5539,0.07099,True,-0.9589067502083329,0.007235794999999712,False,confirmed_2d,target score plus bootstrap uncertainty; retrained after feedback,D2,target_hit|audited_candidate_signal,0.2.0,False,3,3
1008,1,random,mp-1023939,1.521627,0.055533,1.5539,0.032273,True,-0.9589067502083329,0.007235794999999712,False,confirmed_2d,uniform random from signed stable pool,D2,target_hit|audited_candidate_signal,0.2.0,False,1,3
1008,2,random,mp-1018809,1.430543,0.061619,1.3361,0.094443,False,-0.9637533052083332,0.002389239999999404,False,confirmed_2d,uniform random from signed stable pool,D0,technical_event_only,0.2.0,False,2,3
1008,3,random,mp-2815,1.395701,0.048518,1.4648999999999996,0.069199,False,-0.964449816875001,0.0016927283333316723,False,confirmed_2d,uniform random from signed stable pool,D0,technical_event_only,0.2.0,False,3,3
1008,1,static_topn,mp-1023939,1.521627,0.055533,1.5539,0.032273,True,-0.9589067502083329,0.007235794999999712,False,confirmed_2d,highest target score from frozen initial model,D2,target_hit|audited_candidate_signal,0.2.0,False,1,3
1008,2,static_topn,mp-1025874,1.497426,0.045663,1.5093,0.011874,True,-0.9617292007638886,0.004413344444444078,False,confirmed_2d,highest target score from frozen initial model,D2,target_hit|audited_candidate_signal,0.2.0,False,2,3
1008,3,static_topn,mp-2815,1.451083,0.063791,1.4648999999999996,0.013817,False,-0.964449816875001,0.0016927283333316723,False,confirmed_2d,highest target score from frozen initial model,D0,technical_event_only,0.2.0,False,3,3
1008,1,iterative,mp-1018809,1.448102,0.064344,1.3361,0.112002,False,-0.9637533052083332,0.002389239999999404,False,confirmed_2d,target score plus bootstrap uncertainty; retrained after feedback,D0,technical_event_only,0.2.0,False,1,3
1008,2,iterative,mp-1023939,1.562373,0.090571,1.5539,0.008473,True,-0.9589067502083329,0.007235794999999712,False,confirmed_2d,target score plus bootstrap uncertainty; retrained after feedback,D2,target_hit|audited_candidate_signal,0.2.0,False,2,3
1008,3,iterative,mp-1025874,1.484578,0.057049,1.5093,0.024722,True,-0.9617292007638886,0.004413344444444078,False,confirmed_2d,target score plus bootstrap uncertainty; retrained after feedback,D2,target_hit|audited_candidate_signal,0.2.0,False,3,3
1009,1,random,mp-1023939,1.54752,0.035993,1.5539,0.00638,True,-0.9589067502083329,0.007235794999999712,False,confirmed_2d,uniform random from signed stable pool,D2,target_hit|audited_candidate_signal,0.2.0,False,1,3
1009,2,random,mp-2815,1.435947,0.038855,1.4648999999999996,0.028953,False,-0.964449816875001,0.0016927283333316723,False,confirmed_2d,uniform random from signed stable pool,D0,technical_event_only,0.2.0,False,2,3
1009,3,random,mp-1018809,1.458402,0.035651,1.3361,0.122302,False,-0.9637533052083332,0.002389239999999404,False,confirmed_2d,uniform random from signed stable pool,D0,technical_event_only,0.2.0,False,3,3
1009,1,static_topn,mp-1025874,1.509848,0.037708,1.5093,0.000548,True,-0.9617292007638886,0.004413344444444078,False,confirmed_2d,highest target score from frozen initial model,D2,target_hit|audited_candidate_signal,0.2.0,False,1,3
1009,2,static_topn,mp-1023939,1.54752,0.035993,1.5539,0.00638,True,-0.9589067502083329,0.007235794999999712,False,confirmed_2d,highest target score from frozen initial model,D2,target_hit|audited_candidate_signal,0.2.0,False,2,3
1009,3,static_topn,mp-2815,1.460048,0.067713,1.4648999999999996,0.004852,False,-0.964449816875001,0.0016927283333316723,False,confirmed_2d,highest target score from frozen initial model,D0,technical_event_only,0.2.0,False,3,3
1009,1,iterative,mp-1018809,1.456244,0.069192,1.3361,0.120144,False,-0.9637533052083332,0.002389239999999404,False,confirmed_2d,target score plus bootstrap uncertainty; retrained after feedback,D0,technical_event_only,0.2.0,False,1,3
1009,2,iterative,mp-1023939,1.484127,0.238615,1.5539,0.069773,True,-0.9589067502083329,0.007235794999999712,False,confirmed_2d,target score plus bootstrap uncertainty; retrained after feedback,D2,target_hit|audited_candidate_signal,0.2.0,False,2,3
1009,3,iterative,mp-2815,1.394626,0.058273,1.4648999999999996,0.070274,False,-0.964449816875001,0.0016927283333316723,False,confirmed_2d,target score plus bootstrap uncertainty; retrained after feedback,D0,technical_event_only,0.2.0,False,3,3
1010,1,random,mp-1025874,1.51893,0.06338,1.5093,0.00963,True,-0.9617292007638886,0.004413344444444078,False,confirmed_2d,uniform random from signed stable pool,D2,target_hit|audited_candidate_signal,0.2.0,False,1,3
1010,2,random,mp-1023939,1.542308,0.037773,1.5539,0.011592,True,-0.9589067502083329,0.007235794999999712,False,confirmed_2d,uniform random from signed stable pool,D2,target_hit|audited_candidate_signal,0.2.0,False,2,3
1010,3,random,mp-1018809,1.43637,0.057455,1.3361,0.10027,False,-0.9637533052083332,0.002389239999999404,False,confirmed_2d,uniform random from signed stable pool,D0,technical_event_only,0.2.0,False,3,3
1010,1,static_topn,mp-1025874,1.51893,0.06338,1.5093,0.00963,True,-0.9617292007638886,0.004413344444444078,False,confirmed_2d,highest target score from frozen initial model,D2,target_hit|audited_candidate_signal,0.2.0,False,1,3
1010,2,static_topn,mp-1023939,1.535126,0.058252,1.5539,0.018774,True,-0.9589067502083329,0.007235794999999712,False,confirmed_2d,highest target score from frozen initial model,D2,target_hit|audited_candidate_signal,0.2.0,False,2,3
1010,3,static_topn,mp-2815,1.449061,0.05692,1.4648999999999996,0.015839,False,-0.964449816875001,0.0016927283333316723,False,confirmed_2d,highest target score from frozen initial model,D0,technical_event_only,0.2.0,False,3,3
1010,1,iterative,mp-1025874,1.51893,0.06338,1.5093,0.00963,True,-0.9617292007638886,0.004413344444444078,False,confirmed_2d,target score plus bootstrap uncertainty; retrained after feedback,D2,target_hit|audited_candidate_signal,0.2.0,False,1,3
1010,2,iterative,mp-1018809,1.472936,0.060715,1.3361,0.136836,False,-0.9637533052083332,0.002389239999999404,False,confirmed_2d,target score plus bootstrap uncertainty; retrained after feedback,D0,technical_event_only,0.2.0,False,2,3
1010,3,iterative,mp-1023939,1.583009,0.065999,1.5539,0.029109,True,-0.9589067502083329,0.007235794999999712,False,confirmed_2d,target score plus bootstrap uncertainty; retrained after feedback,D2,target_hit|audited_candidate_signal,0.2.0,False,3,3
1011,1,random,mp-1025874,1.531208,0.075739,1.5093,0.021908,True,-0.9617292007638886,0.004413344444444078,False,confirmed_2d,uniform random from signed stable pool,D2,target_hit|audited_candidate_signal,0.2.0,False,1,3
1011,2,random,mp-1018809,1.460253,0.061259,1.3361,0.124153,False,-0.9637533052083332,0.002389239999999404,False,confirmed_2d,uniform random from signed stable pool,D0,technical_event_only,0.2.0,False,2,3
1011,3,random,mp-1023939,1.510798,0.261933,1.5539,0.043102,True,-0.9589067502083329,0.007235794999999712,False,confirmed_2d,uniform random from signed stable pool,D2,target_hit|audited_candidate_signal,0.2.0,False,3,3
1011,1,static_topn,mp-1025874,1.531208,0.075739,1.5093,0.021908,True,-0.9617292007638886,0.004413344444444078,False,confirmed_2d,highest target score from frozen initial model,D2,target_hit|audited_candidate_signal,0.2.0,False,1,3
1011,2,static_topn,mp-1023939,1.542711,0.06841,1.5539,0.011189,True,-0.9589067502083329,0.007235794999999712,False,confirmed_2d,highest target score from frozen initial model,D2,target_hit|audited_candidate_signal,0.2.0,False,2,3
1011,3,static_topn,mp-2815,1.459743,0.080764,1.4648999999999996,0.005157,False,-0.964449816875001,0.0016927283333316723,False,confirmed_2d,highest target score from frozen initial model,D0,technical_event_only,0.2.0,False,3,3
1011,1,iterative,mp-1025874,1.531208,0.075739,1.5093,0.021908,True,-0.9617292007638886,0.004413344444444078,False,confirmed_2d,target score plus bootstrap uncertainty; retrained after feedback,D2,target_hit|audited_candidate_signal,0.2.0,False,1,3
1011,2,iterative,mp-1018809,1.460253,0.061259,1.3361,0.124153,False,-0.9637533052083332,0.002389239999999404,False,confirmed_2d,target score plus bootstrap uncertainty; retrained after feedback,D0,technical_event_only,0.2.0,False,2,3
1011,3,iterative,mp-1023939,1.510798,0.261933,1.5539,0.043102,True,-0.9589067502083329,0.007235794999999712,False,confirmed_2d,target score plus bootstrap uncertainty; retrained after feedback,D2,target_hit|audited_candidate_signal,0.2.0,False,3,3
1012,1,random,mp-2815,1.447365,0.059441,1.4648999999999996,0.017535,False,-0.964449816875001,0.0016927283333316723,False,confirmed_2d,uniform random from signed stable pool,D0,technical_event_only,0.2.0,False,1,3
1012,2,random,mp-1023939,1.509991,0.168092,1.5539,0.043909,True,-0.9589067502083329,0.007235794999999712,False,confirmed_2d,uniform random from signed stable pool,D2,target_hit|audited_candidate_signal,0.2.0,False,2,3
1012,3,random,mp-1018809,1.451246,0.015277,1.3361,0.115146,False,-0.9637533052083332,0.002389239999999404,False,confirmed_2d,uniform random from signed stable pool,D0,technical_event_only,0.2.0,False,3,3
1012,1,static_topn,mp-1023939,1.499534,0.079244,1.5539,0.054366,True,-0.9589067502083329,0.007235794999999712,False,confirmed_2d,highest target score from frozen initial model,D2,target_hit|audited_candidate_signal,0.2.0,False,1,3
1012,2,static_topn,mp-1025874,1.488013,0.07476,1.5093,0.021287,True,-0.9617292007638886,0.004413344444444078,False,confirmed_2d,highest target score from frozen initial model,D2,target_hit|audited_candidate_signal,0.2.0,False,2,3
1012,3,static_topn,mp-2815,1.447365,0.059441,1.4648999999999996,0.017535,False,-0.964449816875001,0.0016927283333316723,False,confirmed_2d,highest target score from frozen initial model,D0,technical_event_only,0.2.0,False,3,3
1012,1,iterative,mp-1023939,1.499534,0.079244,1.5539,0.054366,True,-0.9589067502083329,0.007235794999999712,False,confirmed_2d,target score plus bootstrap uncertainty; retrained after feedback,D2,target_hit|audited_candidate_signal,0.2.0,False,1,3
1012,2,iterative,mp-1025874,1.493636,0.056246,1.5093,0.015664,True,-0.9617292007638886,0.004413344444444078,False,confirmed_2d,target score plus bootstrap uncertainty; retrained after feedback,D2,target_hit|audited_candidate_signal,0.2.0,False,2,3
1012,3,iterative,mp-1018809,1.4226,0.043818,1.3361,0.0865,False,-0.9637533052083332,0.002389239999999404,False,confirmed_2d,target score plus bootstrap uncertainty; retrained after feedback,D0,technical_event_only,0.2.0,False,3,3
1013,1,random,mp-1018809,1.446738,0.048122,1.3361,0.110638,False,-0.9637533052083332,0.002389239999999404,False,confirmed_2d,uniform random from signed stable pool,D0,technical_event_only,0.2.0,False,1,3
1013,2,random,mp-1023939,1.346333,0.365186,1.5539,0.207567,True,-0.9589067502083329,0.007235794999999712,False,confirmed_2d,uniform random from signed stable pool,D2,target_hit|audited_candidate_signal,0.2.0,False,2,3
1013,3,random,mp-2815,1.371019,0.040575,1.4648999999999996,0.093881,False,-0.964449816875001,0.0016927283333316723,False,confirmed_2d,uniform random from signed stable pool,D0,technical_event_only,0.2.0,False,3,3
1013,1,static_topn,mp-1025874,1.509513,0.068231,1.5093,0.000213,True,-0.9617292007638886,0.004413344444444078,False,confirmed_2d,highest target score from frozen initial model,D2,target_hit|audited_candidate_signal,0.2.0,False,1,3
1013,2,static_topn,mp-1023939,1.514912,0.064982,1.5539,0.038988,True,-0.9589067502083329,0.007235794999999712,False,confirmed_2d,highest target score from frozen initial model,D2,target_hit|audited_candidate_signal,0.2.0,False,2,3
1013,3,static_topn,mp-2815,1.449253,0.048055,1.4648999999999996,0.015647,False,-0.964449816875001,0.0016927283333316723,False,confirmed_2d,highest target score from frozen initial model,D0,technical_event_only,0.2.0,False,3,3
1013,1,iterative,mp-1025874,1.509513,0.068231,1.5093,0.000213,True,-0.9617292007638886,0.004413344444444078,False,confirmed_2d,target score plus bootstrap uncertainty; retrained after feedback,D2,target_hit|audited_candidate_signal,0.2.0,False,1,3
1013,2,iterative,mp-1018809,1.449693,0.057663,1.3361,0.113593,False,-0.9637533052083332,0.002389239999999404,False,confirmed_2d,target score plus bootstrap uncertainty; retrained after feedback,D0,technical_event_only,0.2.0,False,2,3
1013,3,iterative,mp-2815,1.375498,0.047426,1.4648999999999996,0.089402,False,-0.964449816875001,0.0016927283333316723,False,confirmed_2d,target score plus bootstrap uncertainty; retrained after feedback,D0,technical_event_only,0.2.0,False,3,3
1014,1,random,mp-1018809,1.430672,0.053156,1.3361,0.094572,False,-0.9637533052083332,0.002389239999999404,False,confirmed_2d,uniform random from signed stable pool,D0,technical_event_only,0.2.0,False,1,3
1014,2,random,mp-1025874,1.484626,0.038729,1.5093,0.024674,True,-0.9617292007638886,0.004413344444444078,False,confirmed_2d,uniform random from signed stable pool,D2,target_hit|audited_candidate_signal,0.2.0,False,2,3
1014,3,random,mp-2815,1.373068,0.045546,1.4648999999999996,0.091832,False,-0.964449816875001,0.0016927283333316723,False,confirmed_2d,uniform random from signed stable pool,D0,technical_event_only,0.2.0,False,3,3
1014,1,static_topn,mp-1023939,1.509197,0.052605,1.5539,0.044703,True,-0.9589067502083329,0.007235794999999712,False,confirmed_2d,highest target score from frozen initial model,D2,target_hit|audited_candidate_signal,0.2.0,False,1,3
1014,2,static_topn,mp-1025874,1.491253,0.045695,1.5093,0.018047,True,-0.9617292007638886,0.004413344444444078,False,confirmed_2d,highest target score from frozen initial model,D2,target_hit|audited_candidate_signal,0.2.0,False,2,3
1014,3,static_topn,mp-2815,1.433765,0.052454,1.4648999999999996,0.031135,False,-0.964449816875001,0.0016927283333316723,False,confirmed_2d,highest target score from frozen initial model,D0,technical_event_only,0.2.0,False,3,3
1014,1,iterative,mp-1023939,1.509197,0.052605,1.5539,0.044703,True,-0.9589067502083329,0.007235794999999712,False,confirmed_2d,target score plus bootstrap uncertainty; retrained after feedback,D2,target_hit|audited_candidate_signal,0.2.0,False,1,3
1014,2,iterative,mp-1018809,1.442159,0.051154,1.3361,0.106059,False,-0.9637533052083332,0.002389239999999404,False,confirmed_2d,target score plus bootstrap uncertainty; retrained after feedback,D0,technical_event_only,0.2.0,False,2,3
1014,3,iterative,mp-2815,1.377858,0.025829,1.4648999999999996,0.087042,False,-0.964449816875001,0.0016927283333316723,False,confirmed_2d,target score plus bootstrap uncertainty; retrained after feedback,D0,technical_event_only,0.2.0,False,3,3
1015,1,random,mp-1025874,1.523822,0.077479,1.5093,0.014522,True,-0.9617292007638886,0.004413344444444078,False,confirmed_2d,uniform random from signed stable pool,D2,target_hit|audited_candidate_signal,0.2.0,False,1,3
1015,2,random,mp-2815,1.437632,0.057759,1.4648999999999996,0.027268,False,-0.964449816875001,0.0016927283333316723,False,confirmed_2d,uniform random from signed stable pool,D0,technical_event_only,0.2.0,False,2,3
1015,3,random,mp-1023939,1.515534,0.105268,1.5539,0.038366,True,-0.9589067502083329,0.007235794999999712,False,confirmed_2d,uniform random from signed stable pool,D2,target_hit|audited_candidate_signal,0.2.0,False,3,3
1015,1,static_topn,mp-1025874,1.523822,0.077479,1.5093,0.014522,True,-0.9617292007638886,0.004413344444444078,False,confirmed_2d,highest target score from frozen initial model,D2,target_hit|audited_candidate_signal,0.2.0,False,1,3
1015,2,static_topn,mp-1023939,1.536569,0.069075,1.5539,0.017331,True,-0.9589067502083329,0.007235794999999712,False,confirmed_2d,highest target score from frozen initial model,D2,target_hit|audited_candidate_signal,0.2.0,False,2,3
1015,3,static_topn,mp-2815,1.440491,0.052559,1.4648999999999996,0.024409,False,-0.964449816875001,0.0016927283333316723,False,confirmed_2d,highest target score from frozen initial model,D0,technical_event_only,0.2.0,False,3,3
1015,1,iterative,mp-1025874,1.523822,0.077479,1.5093,0.014522,True,-0.9617292007638886,0.004413344444444078,False,confirmed_2d,target score plus bootstrap uncertainty; retrained after feedback,D2,target_hit|audited_candidate_signal,0.2.0,False,1,3
1015,2,iterative,mp-1018809,1.432944,0.059421,1.3361,0.096844,False,-0.9637533052083332,0.002389239999999404,False,confirmed_2d,target score plus bootstrap uncertainty; retrained after feedback,D0,technical_event_only,0.2.0,False,2,3
1015,3,iterative,mp-1023939,1.555478,0.06035,1.5539,0.001578,True,-0.9589067502083329,0.007235794999999712,False,confirmed_2d,target score plus bootstrap uncertainty; retrained after feedback,D2,target_hit|audited_candidate_signal,0.2.0,False,3,3
1016,1,random,mp-2815,1.476696,0.064803,1.4648999999999996,0.011796,False,-0.964449816875001,0.0016927283333316723,False,confirmed_2d,uniform random from signed stable pool,D0,technical_event_only,0.2.0,False,1,3
1016,2,random,mp-1025874,1.517088,0.111246,1.5093,0.007788,True,-0.9617292007638886,0.004413344444444078,False,confirmed_2d,uniform random from signed stable pool,D2,target_hit|audited_candidate_signal,0.2.0,False,2,3
1016,3,random,mp-1023939,1.54345,0.157058,1.5539,0.01045,True,-0.9589067502083329,0.007235794999999712,False,confirmed_2d,uniform random from signed stable pool,D2,target_hit|audited_candidate_signal,0.2.0,False,3,3
1016,1,static_topn,mp-1023939,1.527794,0.067444,1.5539,0.026106,True,-0.9589067502083329,0.007235794999999712,False,confirmed_2d,highest target score from frozen initial model,D2,target_hit|audited_candidate_signal,0.2.0,False,1,3
1016,2,static_topn,mp-1025874,1.497789,0.054898,1.5093,0.011511,True,-0.9617292007638886,0.004413344444444078,False,confirmed_2d,highest target score from frozen initial model,D2,target_hit|audited_candidate_signal,0.2.0,False,2,3
1016,3,static_topn,mp-2815,1.476696,0.064803,1.4648999999999996,0.011796,False,-0.964449816875001,0.0016927283333316723,False,confirmed_2d,highest target score from frozen initial model,D0,technical_event_only,0.2.0,False,3,3
1016,1,iterative,mp-1023939,1.527794,0.067444,1.5539,0.026106,True,-0.9589067502083329,0.007235794999999712,False,confirmed_2d,target score plus bootstrap uncertainty; retrained after feedback,D2,target_hit|audited_candidate_signal,0.2.0,False,1,3
1016,2,iterative,mp-1018809,1.454739,0.05875,1.3361,0.118639,False,-0.9637533052083332,0.002389239999999404,False,confirmed_2d,target score plus bootstrap uncertainty; retrained after feedback,D0,technical_event_only,0.2.0,False,2,3
1016,3,iterative,mp-1025874,1.492835,0.058573,1.5093,0.016465,True,-0.9617292007638886,0.004413344444444078,False,confirmed_2d,target score plus bootstrap uncertainty; retrained after feedback,D2,target_hit|audited_candidate_signal,0.2.0,False,3,3
1017,1,random,mp-2815,1.459952,0.060549,1.4648999999999996,0.004948,False,-0.964449816875001,0.0016927283333316723,False,confirmed_2d,uniform random from signed stable pool,D0,technical_event_only,0.2.0,False,1,3
1017,2,random,mp-1025874,1.508854,0.111068,1.5093,0.000446,True,-0.9617292007638886,0.004413344444444078,False,confirmed_2d,uniform random from signed stable pool,D2,target_hit|audited_candidate_signal,0.2.0,False,2,3
1017,3,random,mp-1023939,1.53194,0.056876,1.5539,0.02196,True,-0.9589067502083329,0.007235794999999712,False,confirmed_2d,uniform random from signed stable pool,D2,target_hit|audited_candidate_signal,0.2.0,False,3,3
1017,1,static_topn,mp-1025874,1.51346,0.053391,1.5093,0.00416,True,-0.9617292007638886,0.004413344444444078,False,confirmed_2d,highest target score from frozen initial model,D2,target_hit|audited_candidate_signal,0.2.0,False,1,3
1017,2,static_topn,mp-1023939,1.538754,0.051536,1.5539,0.015146,True,-0.9589067502083329,0.007235794999999712,False,confirmed_2d,highest target score from frozen initial model,D2,target_hit|audited_candidate_signal,0.2.0,False,2,3
1017,3,static_topn,mp-2815,1.459952,0.060549,1.4648999999999996,0.004948,False,-0.964449816875001,0.0016927283333316723,False,confirmed_2d,highest target score from frozen initial model,D0,technical_event_only,0.2.0,False,3,3
1017,1,iterative,mp-1018809,1.456659,0.06159,1.3361,0.120559,False,-0.9637533052083332,0.002389239999999404,False,confirmed_2d,target score plus bootstrap uncertainty; retrained after feedback,D0,technical_event_only,0.2.0,False,1,3
1017,2,iterative,mp-1023939,1.54983,0.109987,1.5539,0.00407,True,-0.9589067502083329,0.007235794999999712,False,confirmed_2d,target score plus bootstrap uncertainty; retrained after feedback,D2,target_hit|audited_candidate_signal,0.2.0,False,2,3
1017,3,iterative,mp-1025874,1.478842,0.040821,1.5093,0.030458,True,-0.9617292007638886,0.004413344444444078,False,confirmed_2d,target score plus bootstrap uncertainty; retrained after feedback,D2,target_hit|audited_candidate_signal,0.2.0,False,3,3
1018,1,random,mp-1018809,1.446661,0.057683,1.3361,0.110561,False,-0.9637533052083332,0.002389239999999404,False,confirmed_2d,uniform random from signed stable pool,D0,technical_event_only,0.2.0,False,1,3
1018,2,random,mp-1025874,1.420022,0.175625,1.5093,0.089278,True,-0.9617292007638886,0.004413344444444078,False,confirmed_2d,uniform random from signed stable pool,D2,target_hit|audited_candidate_signal,0.2.0,False,2,3
1018,3,random,mp-1023939,1.477396,0.235255,1.5539,0.076504,True,-0.9589067502083329,0.007235794999999712,False,confirmed_2d,uniform random from signed stable pool,D2,target_hit|audited_candidate_signal,0.2.0,False,3,3
1018,1,static_topn,mp-1025874,1.50624,0.057113,1.5093,0.00306,True,-0.9617292007638886,0.004413344444444078,False,confirmed_2d,highest target score from frozen initial model,D2,target_hit|audited_candidate_signal,0.2.0,False,1,3
1018,2,static_topn,mp-1023939,1.524017,0.058085,1.5539,0.029883,True,-0.9589067502083329,0.007235794999999712,False,confirmed_2d,highest target score from frozen initial model,D2,target_hit|audited_candidate_signal,0.2.0,False,2,3
1018,3,static_topn,mp-2815,1.449687,0.057076,1.4648999999999996,0.015213,False,-0.964449816875001,0.0016927283333316723,False,confirmed_2d,highest target score from frozen initial model,D0,technical_event_only,0.2.0,False,3,3
1018,1,iterative,mp-1023939,1.524017,0.058085,1.5539,0.029883,True,-0.9589067502083329,0.007235794999999712,False,confirmed_2d,target score plus bootstrap uncertainty; retrained after feedback,D2,target_hit|audited_candidate_signal,0.2.0,False,1,3
1018,2,iterative,mp-1018809,1.43034,0.047815,1.3361,0.09424,False,-0.9637533052083332,0.002389239999999404,False,confirmed_2d,target score plus bootstrap uncertainty; retrained after feedback,D0,technical_event_only,0.2.0,False,2,3
1018,3,iterative,mp-1025874,1.503033,0.046138,1.5093,0.006267,True,-0.9617292007638886,0.004413344444444078,False,confirmed_2d,target score plus bootstrap uncertainty; retrained after feedback,D2,target_hit|audited_candidate_signal,0.2.0,False,3,3
1019,1,random,mp-1018809,1.446671,0.065779,1.3361,0.110571,False,-0.9637533052083332,0.002389239999999404,False,confirmed_2d,uniform random from signed stable pool,D0,technical_event_only,0.2.0,False,1,3
1019,2,random,mp-1023939,1.330879,0.35701,1.5539,0.223021,True,-0.9589067502083329,0.007235794999999712,False,confirmed_2d,uniform random from signed stable pool,D2,target_hit|audited_candidate_signal,0.2.0,False,2,3
1019,3,random,mp-2815,1.37095,0.035691,1.4648999999999996,0.09395,False,-0.964449816875001,0.0016927283333316723,False,confirmed_2d,uniform random from signed stable pool,D0,technical_event_only,0.2.0,False,3,3
1019,1,static_topn,mp-1023939,1.515157,0.066689,1.5539,0.038743,True,-0.9589067502083329,0.007235794999999712,False,confirmed_2d,highest target score from frozen initial model,D2,target_hit|audited_candidate_signal,0.2.0,False,1,3
1019,2,static_topn,mp-1025874,1.491106,0.055593,1.5093,0.018194,True,-0.9617292007638886,0.004413344444444078,False,confirmed_2d,highest target score from frozen initial model,D2,target_hit|audited_candidate_signal,0.2.0,False,2,3
1019,3,static_topn,mp-2815,1.449465,0.065458,1.4648999999999996,0.015435,False,-0.964449816875001,0.0016927283333316723,False,confirmed_2d,highest target score from frozen initial model,D0,technical_event_only,0.2.0,False,3,3
1019,1,iterative,mp-1023939,1.515157,0.066689,1.5539,0.038743,True,-0.9589067502083329,0.007235794999999712,False,confirmed_2d,target score plus bootstrap uncertainty; retrained after feedback,D2,target_hit|audited_candidate_signal,0.2.0,False,1,3
1019,2,iterative,mp-1025874,1.537453,0.048578,1.5093,0.028153,True,-0.9617292007638886,0.004413344444444078,False,confirmed_2d,target score plus bootstrap uncertainty; retrained after feedback,D2,target_hit|audited_candidate_signal,0.2.0,False,2,3
1019,3,iterative,mp-1018809,1.434495,0.044468,1.3361,0.098395,False,-0.9637533052083332,0.002389239999999404,False,confirmed_2d,target score plus bootstrap uncertainty; retrained after feedback,D0,technical_event_only,0.2.0,False,3,3
1020,1,random,mp-1023939,1.524137,0.057511,1.5539,0.029763,True,-0.9589067502083329,0.007235794999999712,False,confirmed_2d,uniform random from signed stable pool,D2,target_hit|audited_candidate_signal,0.2.0,False,1,3
1020,2,random,mp-2815,1.458139,0.073249,1.4648999999999996,0.006761,False,-0.964449816875001,0.0016927283333316723,False,confirmed_2d,uniform random from signed stable pool,D0,technical_event_only,0.2.0,False,2,3
1020,3,random,mp-1018809,1.421139,0.0354,1.3361,0.085039,False,-0.9637533052083332,0.002389239999999404,False,confirmed_2d,uniform random from signed stable pool,D0,technical_event_only,0.2.0,False,3,3
1020,1,static_topn,mp-1025874,1.506664,0.056318,1.5093,0.002636,True,-0.9617292007638886,0.004413344444444078,False,confirmed_2d,highest target score from frozen initial model,D2,target_hit|audited_candidate_signal,0.2.0,False,1,3
1020,2,static_topn,mp-1023939,1.524137,0.057511,1.5539,0.029763,True,-0.9589067502083329,0.007235794999999712,False,confirmed_2d,highest target score from frozen initial model,D2,target_hit|audited_candidate_signal,0.2.0,False,2,3
1020,3,static_topn,mp-2815,1.459513,0.052887,1.4648999999999996,0.005387,False,-0.964449816875001,0.0016927283333316723,False,confirmed_2d,highest target score from frozen initial model,D0,technical_event_only,0.2.0,False,3,3
1020,1,iterative,mp-1023939,1.524137,0.057511,1.5539,0.029763,True,-0.9589067502083329,0.007235794999999712,False,confirmed_2d,target score plus bootstrap uncertainty; retrained after feedback,D2,target_hit|audited_candidate_signal,0.2.0,False,1,3
1020,2,iterative,mp-1018809,1.454028,0.074762,1.3361,0.117928,False,-0.9637533052083332,0.002389239999999404,False,confirmed_2d,target score plus bootstrap uncertainty; retrained after feedback,D0,technical_event_only,0.2.0,False,2,3
1020,3,iterative,mp-1025874,1.459116,0.181364,1.5093,0.050184,True,-0.9617292007638886,0.004413344444444078,False,confirmed_2d,target score plus bootstrap uncertainty; retrained after feedback,D2,target_hit|audited_candidate_signal,0.2.0,False,3,3
